Name,Rank1,Rank2,Rank3,Rank4,Rank5
Amy Cole,Frank Lane,George Moore,Mike Stevens,Luke Roberts,Ryan Xavier
Blake Davis,George Moore,Henry Nash,Evan Knight,Kevin Quinn,Uriah Adams
Ethan Ford,Aaron Green,Kevin Quinn,Daniel James,Tom Zimmer,Ian Oliver
Finn Harper,Ben Hill,Yusuf Ellis,Oscar Upton,Frank Lane,Kevin Quinn
Grace Ingles,Ian Oliver,Yusuf Ellis,Ryan Xavier,Kevin Quinn,Nick Thomas
Hayden James,Quinn Walker,Henry Nash,Carl Irwin,Kevin Quinn,Victor Burns
Isla Kent,Victor Burns,Sam Young,Ian Oliver,Frank Lane,Walter Cole
Jordan Lewis,Alex Turner,George Moore,Uriah Adams,Oscar Upton,Carl Irwin
Kyle Monroe,Ryan Xavier,Sam Young,Henry Nash,Yusuf Ellis,Jack Palmer
Liam Brooks,Blake Harris,Carl Irwin,Sam Young,Xavier Dean,Frank Lane
Logan Nash,Yusuf Ellis,Evan Knight,Xavier Dean,Henry Nash,George Moore
Mason Grant,Ben Hill,Mike Stevens,Daniel James,Kevin Quinn,Yusuf Ellis
Mia Owens,Zack Foster,Daniel James,George Moore,Ben Hill,Ryan Xavier
Nathan Price,Quinn Walker,Ryan Xavier,George Moore,Kevin Quinn,Frank Lane
Noah Carter,Sam Young,Evan Knight,Nick Thomas,Frank Lane,Alex Turner
Olivia Quinn,Ryan Xavier,Carl Irwin,Oscar Upton,Xavier Dean,Kevin Quinn
Owen Davis,Henry Nash,Evan Knight,Daniel James,Paul Vincent,Jack Palmer
Parker Ross,Tom Zimmer,Henry Nash,Jack Palmer,Xavier Dean,Evan Knight
Quinn Shaw,Yusuf Ellis,Luke Roberts,Aaron Green,Blake Harris,Henry Nash
Riley Turner,Aaron Green,Kevin Quinn,Tom Zimmer,Zack Foster,Quinn Walker
Sophia Upton,George Moore,Ben Hill,Kevin Quinn,Aaron Green,Ryan Xavier
Tyler Vance,Oscar Upton,Jack Palmer,Zack Foster,Yusuf Ellis,Frank Lane
Uma Wolfe,Ryan Xavier,Luke Roberts,Jack Palmer,Yusuf Ellis,Frank Lane
Victor Xiao,Luke Roberts,Carl Irwin,Nick Thomas,Oscar Upton,Ryan Xavier
Wyatt York,Aaron Green,Carl Irwin,Daniel James,Evan Knight,Henry Nash
Xena Zhang,Tom Zimmer,Ian Oliver,Luke Roberts,Paul Vincent,Ben Hill
Yara Adams,Nick Thomas,Ben Hill,Jack Palmer,Uriah Adams,Tom Zimmer
Zane Brooks,Nick Thomas,Blake Harris,Luke Roberts,Jack Palmer,Sam Young
